target,model,positives,support,threshold,precision,recall,f1,balanced_accuracy,pr_auc,roc_auc,tn,fp,fn,tp
HDF,hist_gradient_weighted@tuned_f2,23,2000,0.9768309564826326,1.0,1.0,1.0,1.0,1.0,1.0,1977,0,0,23
HDF,hist_gradient_weighted@0.50,23,2000,0.5,0.8518518518518519,1.0,0.92,0.9989883662114314,1.0,1.0,1973,4,0,23
HDF,decision_tree_balanced@0.50,23,2000,0.5,0.8518518518518519,1.0,0.92,0.9989883662114314,0.9821428571428571,0.9998680477667085,1973,4,0,23
HDF,decision_tree_balanced@tuned_f2,23,2000,0.9970999873912494,0.9523809523809523,0.8695652173913043,0.9090909090909091,0.93452970024851,0.9821428571428571,0.9998680477667085,1976,1,3,20
HDF,random_forest_balanced@tuned_f2,23,2000,0.3203052632810477,0.6111111111111112,0.9565217391304348,0.7457627118644068,0.9747201513052275,0.908420346682508,0.9984385652393833,1963,14,1,22
HDF,random_forest_balanced@0.50,23,2000,0.5,0.7307692307692307,0.8260869565217391,0.7755102040816326,0.9112731191308746,0.908420346682508,0.9984385652393833,1970,7,4,19
HDF,random_forest_smote@tuned_f2,23,2000,0.2633047494172484,0.5365853658536586,0.9565217391304348,0.6875,0.9734556090695168,0.8666581093186287,0.9982186448505641,1958,19,1,22
HDF,random_forest_smote@0.50,23,2000,0.5,0.625,0.8695652173913043,0.7272727272727273,0.9317477073299465,0.8666581093186287,0.9982186448505641,1965,12,3,20
HDF,logistic_smote@0.50,23,2000,0.5,0.359375,1.0,0.5287356321839081,0.9896307536671725,0.8024958422318136,0.9966132260121836,1936,41,0,23
HDF,logistic_smote@tuned_f2,23,2000,0.8082793571536085,0.43478260869565216,0.8695652173913043,0.5797101449275363,0.9282069890699567,0.8024958422318136,0.9966132260121836,1951,26,3,20
HDF,logistic_balanced@0.50,23,2000,0.5,0.2875,1.0,0.44660194174757284,0.9855842185128983,0.7884103446307185,0.9964372897011281,1920,57,0,23
HDF,logistic_balanced@tuned_f2,23,2000,0.8460335985515323,0.4222222222222222,0.8260869565217391,0.5588235294117647,0.9064678586351741,0.7884103446307185,0.9964372897011281,1951,26,4,19
HDF,dummy_most_frequent@tuned_f2,23,2000,0.0,0.0115,1.0,0.022738507167572912,0.5,0.0115,0.5,0,1977,0,23
HDF,dummy_most_frequent@0.50,23,2000,0.5,0.0,0.0,0.0,0.5,0.0115,0.5,1977,0,23,0
Machine failure,hist_gradient_weighted@tuned_f2,68,2000,0.35385565630704446,0.5420560747663551,0.8529411764705882,0.6628571428571428,0.9137894288150042,0.8148764225150052,0.9847232371209353,1883,49,10,58
Machine failure,hist_gradient_weighted@0.50,68,2000,0.5,0.6162790697674418,0.7794117647058824,0.6883116883116883,0.8811655096821338,0.8148764225150052,0.9847232371209353,1899,33,15,53
Machine failure,random_forest_balanced@tuned_f2,68,2000,0.26822949262325585,0.4796747967479675,0.8676470588235294,0.6178010471204188,0.9172603824138351,0.6993683331402805,0.9688261174034831,1868,64,9,59
Machine failure,random_forest_balanced@0.50,68,2000,0.5,0.7192982456140351,0.6029411764705882,0.656,0.7973298014858117,0.6993683331402805,0.9688261174034831,1916,16,27,41
Machine failure,random_forest_smote@tuned_f2,68,2000,0.314426884421527,0.40441176470588236,0.8088235294117647,0.5392156862745098,0.8834490317866277,0.6965879647284995,0.9699412373645111,1851,81,13,55
Machine failure,random_forest_smote@0.50,68,2000,0.5,0.5425531914893617,0.75,0.6296296296296297,0.8638716356107661,0.6965879647284995,0.9699412373645111,1889,43,17,51
Machine failure,decision_tree_balanced@0.50,68,2000,0.5,0.37579617834394907,0.8676470588235294,0.5244444444444445,0.908461210571185,0.658193454924425,0.9203735842162952,1834,98,9,59
Machine failure,decision_tree_balanced@tuned_f2,68,2000,0.613374246111523,0.37579617834394907,0.8676470588235294,0.5244444444444445,0.908461210571185,0.658193454924425,0.9203735842162952,1834,98,9,59
Machine failure,logistic_balanced@0.50,68,2000,0.5,0.14560439560439561,0.7794117647058824,0.24537037037037038,0.809219339909877,0.4086765639484345,0.9045944464742419,1621,311,15,53
Machine failure,logistic_balanced@tuned_f2,68,2000,0.7054771238619522,0.24444444444444444,0.6470588235294118,0.3548387096774194,0.7883327243941055,0.4086765639484345,0.9045944464742419,1796,136,24,44
Machine failure,logistic_smote@0.50,68,2000,0.5,0.14772727272727273,0.7647058823529411,0.24761904761904763,0.8047131896236756,0.4064365779595248,0.9059950066983316,1632,300,16,52
Machine failure,logistic_smote@tuned_f2,68,2000,0.7178676950876155,0.25,0.6323529411764706,0.35833333333333334,0.7827913774205334,0.4064365779595248,0.9059950066983316,1803,129,25,43
Machine failure,dummy_most_frequent@tuned_f2,68,2000,0.0,0.034,1.0,0.06576402321083172,0.5,0.034,0.5,0,1932,0,68
Machine failure,dummy_most_frequent@0.50,68,2000,0.5,0.0,0.0,0.0,0.5,0.034,0.5,1932,0,68,0
OSF,logistic_smote@tuned_f2,19,2000,0.9353862283408348,0.8636363636363636,1.0,0.926829268292683,0.9992428066633013,0.9782503830878444,0.9997874545019793,1978,3,0,19
OSF,logistic_smote@0.50,19,2000,0.5,0.475,1.0,0.6440677966101694,0.9946996466431095,0.9782503830878444,0.9997874545019793,1960,21,0,19
OSF,logistic_balanced@tuned_f2,19,2000,0.9450315120958275,0.8636363636363636,1.0,0.926829268292683,0.9992428066633013,0.9777986956555477,0.9997874545019794,1978,3,0,19
OSF,logistic_balanced@0.50,19,2000,0.5,0.3877551020408163,1.0,0.5588235294117647,0.9924280666330136,0.9777986956555477,0.9997874545019794,1951,30,0,19
OSF,hist_gradient_weighted@0.50,19,2000,0.5,0.6296296296296297,0.8947368421052632,0.7391304347826086,0.9448444432636361,0.8998190311128229,0.9980073859560562,1971,10,2,17
OSF,hist_gradient_weighted@tuned_f2,19,2000,0.8843541314451411,0.8235294117647058,0.7368421052631579,0.7777777777777778,0.8676638592948802,0.8998190311128229,0.9980073859560562,1978,3,5,14
OSF,random_forest_smote@tuned_f2,19,2000,0.2058525753019839,0.4146341463414634,0.8947368421052632,0.5666666666666667,0.9413108743590425,0.7903495007139588,0.9938627487446532,1957,24,2,17
OSF,random_forest_smote@0.50,19,2000,0.5,0.631578947368421,0.631578947368421,0.631578947368421,0.8140226892319137,0.7903495007139588,0.9938627487446532,1974,7,7,12
OSF,random_forest_balanced@tuned_f2,19,2000,0.16352405532471398,0.45,0.9473684210526315,0.6101694915254238,0.9681314593905257,0.7862918828338208,0.9956693854778289,1959,22,1,18
OSF,random_forest_balanced@0.50,19,2000,0.5,0.7857142857142857,0.5789473684210527,0.6666666666666666,0.7887164908738277,0.7862918828338208,0.9956693854778289,1978,3,8,11
OSF,decision_tree_balanced@0.50,19,2000,0.5,0.7619047619047619,0.8421052631578947,0.8,0.9197906426844495,0.7158236880078985,0.9201227450251069,1976,5,3,16
OSF,decision_tree_balanced@tuned_f2,19,2000,0.9617937510118181,0.7619047619047619,0.8421052631578947,0.8,0.9197906426844495,0.7158236880078985,0.9201227450251069,1976,5,3,16
OSF,dummy_most_frequent@tuned_f2,19,2000,0.0,0.0095,1.0,0.018821198613174838,0.5,0.0095,0.5,0,1981,0,19
OSF,dummy_most_frequent@0.50,19,2000,0.5,0.0,0.0,0.0,0.5,0.0095,0.5,1981,0,19,0
PWF,random_forest_balanced@tuned_f2,19,2000,0.44882798671333346,0.8333333333333334,0.7894736842105263,0.8108108108108109,0.8939796487685645,0.8996694258161586,0.9988575679481388,1978,3,4,15
PWF,random_forest_balanced@0.50,19,2000,0.5,0.7857142857142857,0.5789473684210527,0.6666666666666666,0.7887164908738277,0.8996694258161586,0.9988575679481388,1978,3,8,11
PWF,hist_gradient_weighted@0.50,19,2000,0.5,0.6129032258064516,1.0,0.76,0.9969712266532055,0.8975380324794779,0.9989904088844018,1969,12,0,19
PWF,hist_gradient_weighted@tuned_f2,19,2000,0.024607907732463036,0.4523809523809524,1.0,0.6229508196721312,0.9941948510853105,0.8975380324794779,0.9989904088844018,1958,23,0,19
PWF,random_forest_smote@tuned_f2,19,2000,0.2962892857142857,0.6,0.9473684210526315,0.7346938775510204,0.9706554371795213,0.893621425052538,0.9988841361353914,1969,12,1,18
PWF,random_forest_smote@0.50,19,2000,0.5,0.8,0.8421052631578947,0.8205128205128205,0.9200430404633492,0.893621425052538,0.9988841361353914,1977,4,3,16
PWF,logistic_smote@tuned_f2,19,2000,0.8119939923488908,0.6333333333333333,1.0,0.7755102040816326,0.997223624432105,0.8192947230152776,0.9986450224501182,1970,11,0,19
PWF,logistic_smote@0.50,19,2000,0.5,0.3877551020408163,1.0,0.5588235294117647,0.9924280666330136,0.8192947230152776,0.9986450224501182,1951,30,0,19
PWF,logistic_balanced@tuned_f2,19,2000,0.8457472059929527,0.59375,1.0,0.7450980392156863,0.9967188288743059,0.7582858082195317,0.997954249581551,1968,13,0,19
PWF,logistic_balanced@0.50,19,2000,0.5,0.3333333333333333,1.0,0.5,0.9904088844018173,0.7582858082195317,0.997954249581551,1943,38,0,19
PWF,decision_tree_balanced@0.50,19,2000,0.5,0.5806451612903226,0.9473684210526315,0.72,0.9704030394006217,0.7432307883589717,0.971744732856877,1968,13,1,18
PWF,decision_tree_balanced@tuned_f2,19,2000,0.9630529897909578,0.625,0.7894736842105263,0.6976744186046512,0.8924652620951672,0.7432307883589717,0.971744732856877,1972,9,4,15
PWF,dummy_most_frequent@tuned_f2,19,2000,0.0,0.0095,1.0,0.018821198613174838,0.5,0.0095,0.5,0,1981,0,19
PWF,dummy_most_frequent@0.50,19,2000,0.5,0.0,0.0,0.0,0.5,0.0095,0.5,1981,0,19,0
RNF,logistic_smote@tuned_f2,4,2000,0.11319305228183126,0.00186219739292365,0.75,0.0037151702786377707,0.4721943887775551,0.0043378138707555304,0.5155310621242486,388,1608,1,3
RNF,logistic_smote@0.50,4,2000,0.5,0.0028735632183908046,0.5,0.005714285714285714,0.5761523046092185,0.0043378138707555304,0.5155310621242486,1302,694,2,2
RNF,random_forest_balanced@tuned_f2,4,2000,0.016627832453198408,0.004784688995215311,0.25,0.009389671361502348,0.5728957915831663,0.003927184466019418,0.5111472945891784,1788,208,3,1
RNF,random_forest_balanced@0.50,4,2000,0.5,0.0,0.0,0.0,0.5,0.003927184466019418,0.5111472945891784,1996,0,4,0
RNF,logistic_balanced@0.50,4,2000,0.5,0.0026246719160104987,0.5,0.005221932114882507,0.5596192384769538,0.0036793010465888637,0.5159068136272544,1236,760,2,2
RNF,logistic_balanced@tuned_f2,4,2000,0.36873277902110413,0.0018674136321195146,0.5,0.0037209302325581397,0.4822144288577154,0.0036793010465888637,0.5159068136272544,927,1069,2,2
RNF,hist_gradient_weighted@0.50,4,2000,0.5,0.0,0.0,0.0,0.499749498997996,0.0025291920748901553,0.4435746492985972,1995,1,4,0
RNF,hist_gradient_weighted@tuned_f2,4,2000,0.009147628877926793,0.0,0.0,0.0,0.46968937875751504,0.0025291920748901553,0.4435746492985972,1875,121,4,0
RNF,random_forest_smote@tuned_f2,4,2000,0.0,0.002,1.0,0.003992015968063872,0.5,0.002472762645914397,0.4407565130260521,0,1996,0,4
RNF,random_forest_smote@0.50,4,2000,0.5,0.0,0.0,0.0,0.4934869739478958,0.002472762645914397,0.4407565130260521,1970,26,4,0
RNF,dummy_most_frequent@tuned_f2,4,2000,0.0,0.002,1.0,0.003992015968063872,0.5,0.002,0.5,0,1996,0,4
RNF,decision_tree_balanced@tuned_f2,4,2000,0.0,0.002,1.0,0.003992015968063872,0.5,0.002,0.4907314629258517,0,1996,0,4
RNF,dummy_most_frequent@0.50,4,2000,0.5,0.0,0.0,0.0,0.5,0.002,0.5,1996,0,4,0
RNF,decision_tree_balanced@0.50,4,2000,0.5,0.0,0.0,0.0,0.4907314629258517,0.002,0.4907314629258517,1959,37,4,0
TWF,hist_gradient_weighted@tuned_f2,9,2000,0.054846159300971406,0.11428571428571428,0.8888888888888888,0.20253164556962025,0.9288743791506222,0.41942586627468137,0.984262514649255,1929,62,1,8
TWF,hist_gradient_weighted@0.50,9,2000,0.5,0.20833333333333334,0.5555555555555556,0.30303030303030304,0.7730063061554775,0.41942586627468137,0.984262514649255,1972,19,4,5
TWF,logistic_balanced@0.50,9,2000,0.5,0.04736842105263158,1.0,0.09045226130653267,0.9545454545454546,0.3013428386851869,0.9784586193425973,1810,181,0,9
TWF,logistic_balanced@tuned_f2,9,2000,0.8721854442997402,0.08571428571428572,0.6666666666666666,0.1518987341772152,0.8172610078687427,0.3013428386851869,0.9784586193425973,1927,64,3,6
TWF,logistic_smote@0.50,9,2000,0.5,0.05357142857142857,1.0,0.1016949152542373,0.9600703164239076,0.3009949551652672,0.9794073329984933,1832,159,0,9
TWF,logistic_smote@tuned_f2,9,2000,0.8020459092726221,0.07954545454545454,0.7777777777777778,0.14432989690721648,0.8685473519727663,0.3009949551652672,0.9794073329984933,1910,81,2,7
TWF,random_forest_balanced@tuned_f2,9,2000,0.09885555970501465,0.07792207792207792,0.6666666666666666,0.13953488372093023,0.8155030972710531,0.18777593726389818,0.9712037502092751,1920,71,3,6
TWF,random_forest_balanced@0.50,9,2000,0.5,0.0,0.0,0.0,0.5,0.18777593726389818,0.9712037502092751,1991,0,9,0
TWF,decision_tree_balanced@0.50,9,2000,0.5,0.11320754716981132,0.6666666666666666,0.1935483870967742,0.8215302193202745,0.10465893901420216,0.8237345834030916,1944,47,3,6
TWF,decision_tree_balanced@tuned_f2,9,2000,0.9849909285832095,0.19047619047619047,0.4444444444444444,0.26666666666666666,0.7179530107706903,0.10465893901420216,0.8237345834030916,1974,17,5,4
TWF,random_forest_smote@tuned_f2,9,2000,0.06778741373360982,0.0594059405940594,0.6666666666666666,0.10909090909090909,0.8094759752218316,0.08766599140676207,0.9489926893241809,1896,95,3,6
TWF,random_forest_smote@0.50,9,2000,0.5,0.12,0.3333333333333333,0.17647058823529413,0.6611418047882136,0.08766599140676207,0.9489926893241809,1969,22,6,3
TWF,dummy_most_frequent@tuned_f2,9,2000,0.0,0.0045,1.0,0.008959681433549029,0.5,0.0045,0.5,0,1991,0,9
TWF,dummy_most_frequent@0.50,9,2000,0.5,0.0,0.0,0.0,0.5,0.0045,0.5,1991,0,9,0
